id,type,content,URL
1,1,Phân của đường bộ được sử dụng cho các phương tiện giao thông qua lại là gì?,
2,1,“Làn đường” là gì?,
3,1,Khái niệm “khổ giới hạn của đường bộ” được hiểu như thế nào là đúng?,
4,1,"Trong các khái niệm dưới đây, “dải phân cách” được hiểu như thế nào là đúng?",
5,1,“Dải phân cách” trên đường bộ gồm những loại nào?,
6,1,Người lái xe được hiểu như thế nào trong các khái niệm dưới đây?,
7,1,"Đường mà trên đó phương tiện tham gia giao thông được các phương tiện giao thông đến từ hướng khác nhường đường khi qua nơi đường giao nhau, được cắm biển báo hiệu đường ưu tiên là loại đường gì?",
8,1,Khái niệm “phương tiện giao thông cơ giới đường bộ” được hiểu thế nào là đúng?,
9,1,Khái niệm “phương tiện giao thông thô sơ đường bộ” được hiểu thế nào là đúng?,
10,1,“Phương tiện tham gia giao thông đường bộ” gồm những loại nào?,
11,1,“Người tham gia giao thông đường bộ” gồm những đối tượng nào?,
12,1,“Người điều khiển phương tiện tham gia giao thông đường bộ” gồm những đối tượng nào dưới đây?,
13,1,Khái niệm “người điều khiển giao thông” được hiểu như thê nào là đúng?,
14,1,Trong các khái niệm dưới đây khái niệm “dừng xe” được hiểu như thế nào là đúng?,
15,1,Khái niệm “đỗ xe” được hiểu như thế nào là đúng?,
16,1,Khái niệm “đường cao tốc” được hiểu như thế nào là đúng?,
17,0, Hành vi nào dưới đây bị nghiêm cấm?,
18,0," Hành vi đưa xe cơ giới, xe máy chuyên dùng không bảo đảm tiêu chuẩn an toàn kỹ thuật và bảo vệ môi trường vào tham gia giao thông đường bộ có bị nghiêm cấm hay không?",
19,0, Cuộc đua xe chỉ được thực hiện khi nào?,
20,0, Người điều khiển phương tiện giao thông đường bộ mà trong cơ thể có chất ma tuý có bị nghiêm cấm hay không?,
21,0," Việc lái xe mô tô, ô tô, máy kéo ngay sau khi uống rượu, bia có được phép hay không?",
22,0," Người điều khiển xe môtô, ô tô, máy kéo trên đường mà trong máu hoặc hơi thở có nồng độ cồn có bị nghiêm cấm không?",
23,0," Sử dụng rượu, bia khi lái xe, nếu bị phát hiện thì bị xử lý như thế nào?",
24,0," Theo Luật phòng chống tác hại của rượu, bia, đối tượng nào dưới đây bị cấm sử dụng rượu, bia khi tham gia giao thông?",
25,0," Hành vi giao xe cơ giới, xe máy chuyên dùng cho người không đủ điều kiện để điều khiển xe tham gia giao thông có được phép hay không?",
26,0," Hành vi điều khiển xe cơ giới chạy quá tốc độ quy định, giành đường, vượt ẩu có bị nghiêm cấm hay không?",
27,0," Khi lái xe trên đường, người lái xe cần quan sát và bảo đảm tốc độ phương tiện như thế nào?",
28,0, Phương tiện giao thông đường bộ di chuyển với tốc độ thấp hơn phải đi như thế nào?,
29,0," Trên đường có nhiều làn đường, khi điều khiển phương tiện ở tốc độ chậm bạn phải đi ở làn đường nào?",
30,0," Hành vi vượt xe tại các vị trí có tầm nhìn hạn chế, đường vòng, đầu dốc có bị nghiêm cấm hay không?",
31,2,"Khi lái xe trong khu đô thị và đông dân cư trừ các khu vực có biển cấm sử dụng còi, người lái xe được sử dụng còi như thế nào trong các trường hợp dưới đây?",
32,2,Người lái xe sử dụng đèn như thế nào khi lái xe trong khu đô thị và đông dân cư vào ban đêm?,
33,0," Hành vi lắp đặt, sử dụng còi, đèn không đúng thiết kế của nhà sản xuất đối với từng loại xe cơ giới có được phép hay không?",
34,2,"Trong trường hợp đặc biệt, đề được lắp đặt, sử dụng còi, đèn không đúng với thiết kế của nhà sản xuất đối với từng loại xe cơ giới bạn phải đảm bảo yêu câu nào dưới đây?",
35,0," Việc sản xuất, mua bán, sử dụng biển số xe cơ giới, xe máy chuyên dùng được quy định như thế nào trong Luật Giao thông đường bộ?",
36,0, Người lái xe không được vượt xe khác khi gặp trường hợp nào ghi ở dưới đây?,
37,0," Ở phần đường dành cho người đi bộ qua đường, trên cầu, đầu cầu, đường cao tốc, đường hẹp, đường dốc, tại nơi đường bộ giao nhau cùng mức với đường sắt có được quay đầu xe hay không?",
38,2,"Bạn đang lái xe, phía trước có một xe cảnh sát giao thông không phát tín hiệu ưu tiên bạn có được phép vượt hay không?",
39,2,"Bạn đang lái xe, phía trước có một xe cứu thương đang phát tín hiệu ưu tiên bạn có được phép vượt hay không?",
40,0, Người lái xe không được quay đầu xe trong các trường hợp nào dưới đây?,
41,2,"Bạn đang lái xe trong khu dân cư, có đông xe qua lại, nếu muốn quay đầu bạn cần làm gì để tránh ùn tắc và đảm bảo an toàn giao thông?",
42,2,Người lái xe không được lùi xe ở những khu vực nào dưới đây?,
43,0," Người điều khiển phương tiện giao thông trên đường phố có được dừng xe, đỗ xe trên miệng cống thoát nước, miệng hâm của đường điện thoại, điện cao thế, chỗ dành riêng cho xe chữa cháy lấy nước hay không?",
44,2,"Khi xe đã kéo 1 xe hoặc xe đã kéo 1 rơ moóc, bạn có được phép kéo thêm xe (kể cả xe thô sơ) hoặc rơ moóc thứ hai hay không?",
45,0," Người điều khiển xe mô tô hai bánh, ba bánh, xe gắn máy có được phép sử dụng xe để kéo hoặc đẩy các phương tiện khác khi tham gia giao thông không?",
46,0," Khi điều khiển xe mô tô hai bánh, xe mô tô ba bánh, xe gắn máy, những hành vi buông cả hai tay; sử dụng xe để kéo, đây xe khác, vật khác; sử dụng chân chống của xe quệt xuống đường khi xe đang chạy có được phép hay không?",
47,0," Khi điều khiển xe mô tô hai bánh, xe mô tô ba bánh, xe gắn máy, những hành vi nào không được phép?",
48,0," Người ngồi trên xe mô tô hai bánh, ba bánh, xe gắn máy khi tham gia giao thông có được mang, vác vật cồng kềnh hay không?",
49,0," Người ngồi trên xe mô tô hai bánh, xe mô tô ba bánh, xe gắn máy khi tham gia giao thông có được bám, kéo hoặc đẩy các phương tiện khác không?",
50,0," Người ngồi trên xe mô tô hai bánh, xe mô tô ba bánh, xe gắn máy khi tham gia giao thông có được sử dụng ô khi trời mưa hay không ?",
51,0, Khi đang lên dốc người ngồi trên xe mô tô có được kéo theo người đang điều khiển xe đạp hay không?,
52,0," Hành vi sử dụng xe mô tô để kéo, đẩy xe mô tô khác bị hết xăng đến trạm mua xăng có được phép hay không?",
53,0," Hành vi vận chuyển đồ vật cồng kềnh bằng xe mô tô, xe gắn máy khi tham gia giao thông có được phép hay không?",
54,2,"Người đủ bao nhiêu tuổi trở lên thì được điều khiển xe ô tô tải, máy kéo có trọng tải từ 3.500 kg trở lên; xe hạng B2 kéo rơ moóc (FB2)?",
55,2,"Người đủ bao nhiêu tuổi trở lên thì được điều khiển xe mô tô hai bánh, xe mô tô ba bánh có dung tích xi lanh từ 50cm3 trở lên và các loại xe có kết cấu tương tự; xe ô tô tải, máy kéo có trọng tải dưới 3.500 kg; xe ô tô chở người đến 9 chỗ ngồi?",
56,2,"Người lái xe ô tô chở người trên 30 chỗ ngồi (hạng E), lái xe hạng D kéo rơ moóc (FD) phải đủ bao nhiêu tuổi trở lên?",
57,2,Tuổi tối đa của người lái xe ô tô chở người trên 30 chỗ ngồi (hạng E) là bao nhiêu tuổi?,
58,2,"Người lái xe chở người từ 10 đến 30 chỗ ngồi (hạng D), lái xe hạng C kéo rơ moóc (FC) phải đủ bao nhiêu tuổi trở lên?",
59,2,Người đủ 16 tuổi được điều khiển các loại xe nào dưới đây?,
60,2,Người có giấy phép lái xe mô tô hạng A1 không được phép điều khiển loại xe nào dưới đây?,
61,2,Người có giấy phép lái xe mô tô hạng A1 được phép điều khiển loại xe nào dưới đây?,
62,2,Người có giấy phép lái xe mô tô hạng A2 được phép điều khiển loại xe nào dưới đây?,
63,2,Người có giấy phép lái xe mô tô hạng A3 được phép điều khiển loại xe nào dưới đây?,
64,2,Người có giấy phép lái xe hạng B1 số tự động được điều khiển loại xe nào?,
65,2,Người có giấy phép lái xe hạng B1 được điều khiển loại xe nào?,
66,2,Người có giấy phép lái xe hạng B2 được điều khiển loại xe nào dưới đây?,
67,2,Người có giấy phép lái xe hạng C được điều khiển loại xe nào dưới đây?,
68,2,Người có giấy phép lái xe hạng D được điều khiển loại xe nào dưới đây?,
69,2,Người có giấy phép lái xe hạng E được điều khiển loại xe nào dưới đây?,
70,2,Người có giấy phép lái xe hạng FC được điều khiển các loại xe nào dưới đây?,
71,2,Người có giấy phép lái xe hạng FE được điều khiển các loại xe nào dưới đây?,
72,2,"Biển báo hiệu có dạng hình tròn, viền đỏ, nền trắng, trên nền có hình vẽ hoặc chữ số, chữ viết màu đen là loại biển gì dưới đây?",http://127.0.0.1:8080/C%C3%A2u%2072.jpg
73,2,"Biển báo hiệu có dạng tam giác đều, viền đỏ, nền màu vàng, trên có hình vẽ màu đen là loại biển gì dưới đây?",http://127.0.0.1:8080/C%C3%A2u%2073.jpg
74,2,Biển báo hiệu hình tròn có nền xanh lam có hình vẽ màu trắng là loại biển gì dưới đây?,http://127.0.0.1:8080/C%C3%A2u%2074.jpg
75,2,Biển báo hiệu hình chữ nhật hoặc hình vuông hoặc hình mũi tên nền xanh lam là loại biển gì dưới đây?,http://127.0.0.1:8080/C%C3%A2u%2075.jpg
76,2,"Khi tập lái xe ô tô, người tập lái xe phải thực hiện các điều kiện gì dưới đây?",
77,2,"Khi dạy thực hành lái xe, giáo viên phải mang theo các giấy tờ gì dưới đây?",
78,2,Xe ô tô tập lái phải đảm bảo các điều kiện gì dưới đây?,
79,2,Việc sát hạch cấp giấy phép lái xe ô tô phải thực hiện ở đâu và như thế nào?,
80,2,"Khi điều khiển xe chạy trên đường, người lái xe phải mang theo các loại giấy tờ gì?",
81,2,"Khi sử dụng giấy phép lái xe đã khai báo mắt để điều khiển phương tiện cơ giới đường bộ, ngoài việc bị thu hồi giấy phép lái xe, chịu trách nhiệm trước pháp luật, người lái xe không được cấp giấy phép lái xe trong thời gian bao nhiêu năm?",
82,2,Khi gặp hiệu lệnh như dưới đây của cảnh sát giao thông thì người tham gia giao thông phải đi như thế nào là đúng quy tắc giao thông?,http://127.0.0.1:8080/C%C3%A2u%2082.jpg
83,2,Khi gặp hiệu lệnh như dưới đây của cảnh sát giao thông thì người tham gia giao thông phải đi như thế nào là đúng quy tắc giao thông?,http://127.0.0.1:8080/C%C3%A2u%2083.jpg
84,0," Trên đường giao thông, khi hiệu lệnh của người điều khiển giao thông trái với hiệu lệnh của đèn hoặc biển báo hiệu thì người tham gia giao thông phải chấp hành theo hiệu lệnh nào?",
85,2,Tại nơi có biển báo hiệu cố định lại có báo hiệu tạm thời thì người tham gia giao thông phải chấp hành hiệu lệnh của báo hiệu nào?,
86,2,"Trên đường có nhiều làn đường cho xe đi cùng chiều được phân biệt bằng vạch kẻ phân làn đường, người điều khiển phương tiện phải cho xe đi như thế nào?",
87,2,"Trên đường một chiều có vạch kẻ phân làn đường, xe thô sơ và xe cơ giới phải đi như thế nào là đúng quy tắc giao thông?",
88,2,"Bạn đang lái xe trong khu vực đô thị từ 22 giờ đến 5 giờ sáng hôm sau và cần vượt một xe khác, bạn cần báo hiệu như thế nào để đảm bảo an toàn giao thông?",
89,2,Khi điều khiển xe chạy trên đường biết có xe sau xin vượt nêu đủ điều kiện an toàn người lái xe phải làm gì?,
90,2,"Trong khu dân cư, ở nơi nào cho phép người lái xe, người điều khiển xe máy chuyên dùng được quay đầu xe?",
91,0," Người lái xe phải làm gì khi quay đầu xe trên cầu, đường ngằm hay khu vực đường bộ giao nhau cùng mức với đường sắt?",
92,2,"Khi muốn chuyển hướng, người lái xe phải thực hiện như thế nào để đảm bảo an toàn giao thông?",
93,2,Khi lùi xe người lái xe phải làm gì để bảo đảm an toàn?,
94,2,"Khi bạn nhìn thấy đèn phía sau xe ô tô có màu sáng trắng, ô tô đó đang trong trạng thái như thế nào?",
95,2,"Khi tránh xe đi ngược chiều, các xe phải nhường đường như thế nào là đúng quy tắc giao thông?",
96,2,"Bạn đang lái xe trên đường hẹp, xuống dốc và gặp một xe đang đi lên dốc, bạn cần làm gì?",
97,2,"Tại nơi đường giao nhau, người lái xe đang đi trên đường không ưu tiên phải nhường đường như thế nào là đúng quy tắc giao thông?",
98,2,"Tại nơi đường giao nhau không có báo hiệu đi theo vòng xuyến, người điều khiển phương tiện phải nhường đường như thế nào là đúng quy tắc giao thông?",
99,0," Trên đoạn đường bộ giao nhau cùng mức với đường sắt, cầu đường bộ đi chung với đường sát thì loại phương tiện nào được quyền ưu tiên đi trước?",
100,2,"Tại nơi đường bộ giao nhau cùng mức với đường sắt chỉ có đèn tín hiệu hoặc chuông báo hiệu, khi đèn tín hiệu màu đỏ đã bật sáng hoặc có tiếng chuông báo hiệu, người tham gia giao thông phải dừng lại ngay và giữ khoảng cách tối thiểu bao nhiêu mét tính từ ray gần nhất?",
101,0, Người lái xe phải làm gì khi điều khiển xe vào đường cao tốc?,
102,2,"Trên đường cao tốc, người lái xe phải dừng xe, đỗ xe như thế nào để đảm bảo an toàn giao thông?",
103,2,"Những trường hợp nào ghi ở dưới đây không được đi vào đường cao tốc trừ người, phương tiện, thiết bị phục vụ cho việc quản lý, bảo trì đường cao tốc?",
104,2,Người điều khiển phương tiện tham gia giao thông trong hầm đường bộ ngoài việc phải tuân thủ các quy tắc giao thông còn phải thực hiện những quy định nào dưới đây?,
105,2,"Xe quá tải trọng, quá khổ giới hạn tham gia giao thông cần tuân thủ quy định nào ghi ở dưới đây?",
106,2,Việc nối giữa xe kéo với xe được kéo trong trường hợp hệ thống hãm của xe được kéo không còn hiệu lực thì phải dùng cách nào?,
107,2,Xe kéo rơ moóc khi tham gia giao thông phải tuân thủ điều kiện nào ghi ở dưới đây?,
108,2,Xe ô tô kéo xe khác thế nào là đúng quy tắc giao thông?,
109,0," Người ngồi trên xe mô tô 2 bánh, xe gắn máy phải đội mũ bảo hiểm có cài quai đúng quy cách khi nào?",
110,2,"Người điều khiển xe mô tô hai bánh, xe gắn máy được phép chở tôi đa 2 người trong những trường hợp nào?",
111,2,"Người điều khiển xe mô tô hai bánh, xe gắn máy không được thực hiện những hành vi nào dưới đây?",
112,0," Người điều khiển xe mô tô hai bánh, xe gắn máy có được đi xe dàn hàng ngang; đi xe vào phần đường dành cho người đi bộ và phương tiện khác; sử dụng ô, điện thoại di động, thiết bị âm thanh (trừ thiết bị trợ thính) hay không?",
113,2,Người lái xe phải giảm tốc độ thấp hơn tốc độ tối đa cho phép (có thể dừng lại một cách an toàn) trong trường hợp nào dưới đây?,
114,0," Khi gặp một đoàn xe, một đoàn xe tang hay gặp một đoàn người có tổ chức theo đội ngũ, người lái xe phải xử lý như thế nào?",
115,2,"Tại ngã ba hoặc ngã tư không có đảo an toàn, người lái xe phải nhường đường như thế nào là đúng trong các trường hợp dưới đây?",
116,2,"Khi điều khiển xe cơ giới, người lái xe phải bật đèn tín hiệu báo rẽ trong trường hợp nào sau đây?",
117,2,"Trên đoạn đường hai chiều không có giải phân cách giữa, người lái xe không được vượt xe khác trong các trường hợp nào dưới đây?",
118,0," Khi lái xe trên đường vắng mà cảm thấy buồn ngủ, người lái xe nên chọn cách xử lý như thế nào cho phù hợp?",
119,0," Trên đường cao tốc, người lái xe xử lý như thế nào khi đã vượt quá lối ra của đường định rẽ?",
120,2,Người lái xe mô tô xử lý như thế nào khi cho xe mô tô phía sau vượt?,
121,2,"Khi xe ô tô bị hỏng tại vị trí giao nhau giữa đường bộ và đường sắt, người lái xe xử lý như thế nào?",
122,2,"Trong các trường hợp dưới đây, để đảm bảo an toàn khi tham gia giao thông, người lái xe mô tô cần thực hiện như thế nào?",
123,2,Đường bộ trong khu vực đông dân cư gồm những đoạn đường nào dưới đây?,
124,3,"Tốc độ tối đa cho phép đối với xe máy chuyên dùng, xe gắn máy (kể cả xe máy điện) và các loại xe tương tự trên đường bộ (trừ đường cao tốc) không được vượt quá bao nhiêu km/h?",
125,3,"Trên đường bộ (trừ đường cao tốc) trong khu vực đông dân cư, đường đôi có dải phân cách giữa, xe mô tô hai bánh, ô tô chở người đến 30 chỗ tham gia giao thông với tốc độ tối đa cho phép là bao nhiêu?",
126,3,"Trên đường bộ (trừ đường cao tốc) trong khu vực đông dân cư, đường hai chiều không có dải phân cách giữa, xe mô tô hai bánh, ô tô chở người đến 30 chỗ tham gia giao thông với tốc độ tối đa cho phép là bao nhiêu?",
127,3,"Trên đường bộ (trừ đường cao tốc) trong khu vực đông dân cư, đường hai chiều hoặc đường một chiều có một làn xe cơ giới, loại xe nào dưới đây được tham gia giao thông với tốc độ tối đa cho phép là 50km/h?",
128,3,"Trên đường bộ (trừ đường cao tốc) trong khu vực đông dân cư, đường đôi hoặc đường một chiều có từ hai làn xe cơ giới trở lên, loại xe nào dưới đây được tham gia giao thông với tốc độ tối đa cho phép là 60 km/h?",
129,3,"Trên đường bộ (trừ đường cao tốc) ngoài khu vực đông dân cư, đường đôi có dải phân cách giữa, loại xe nào dưới đây tham gia giao thông với tốc độ tối đa cho phép là 90 km/h?",
130,3,"Trên đường bộ ngoài khu vực đông dân cư, đường đôi có dải phân cách giữa (trừ đường cao tốc), loại xe nào dưới đây tham gia giao thông với tốc độ tối đa cho phép là 80 km/h?",
131,3,"Trên đường bộ ngoài khu vực đông dân cư, đường đôi có dải phân cách giữa (trừ đường cao tốc), loại xe nào dưới đây tham gia giao thông với tốc độ tối đa cho phép là 70 km/h?",
132,3,"Trên đường bộ ngoài khu vực đông dân cư, đường đôi có dải phân cách giữa (trừ đường cao tốc), loại xe nào dưới đây tham gia giao thông với tốc độ tối đa cho phép là 60 km/h?",
133,3,"Trên đường bộ ngoài khu vực đông dân cư, đường hai chiều không có dải phân cách giữa; đường một chiều có một làn xe cơ giới (trừ đường cao tốc), loại xe nào dưới đây tham gia giao thông với tốc độ tối đa cho phép là 80 km/h?",
134,3,"Trên đường bộ ngoài khu vực đông dân cư, đường hai chiều không có dải phân cách giữa; đường một chiều có 01 làn xe cơ giới (trừ đường cao tốc), loại xe nào dưới đây tham gia giao thông với tốc độ tối đa cho phép là 70 km/h?",
135,3,"Trên đường bộ ngoài khu vực đông dân cư, đường hai chiều không có dải phân cách giữa; đường một chiều có 01 làn xe cơ giới (trừ đường cao tốc), loại xe nào dưới đây tham gia giao thông với tốc độ tối đa cho phép là 60 km/h?",
136,3,"Trên đường bộ ngoài khu vực đông dân cư, đường hai chiều không có dải phân cách giữa; đường một chiều có 01 làn xe cơ giới (trừ đường cao tốc), loại xe nào dưới đây tham gia giao thông với tốc độ tối đa cho phép là 50km/h?",
137,3,"Khi tham gia giao thông trên đoạn đường không có biển báo “Cự ly tối thiểu giữa hai xe”, với điều kiện mặt đường khô ráo, xe cơ giới đang chạy với tốc độ từ trên 60 km/h đến 80 km/h, người lái xe phải giữ khoảng cách an toàn với xe đang chạy liền trước tối thiểu là bao nhiêu?",
138,3,"Khi tham gia giao thông trên đoạn đường không có biển báo “Cự ly tối thiểu giữa hai xe”, với điều kiện mặt đường khô ráo, xe cơ giới đang chạy với tốc độ từ trên 80 km/h đến 100 km/h, người lái xe phải giữ khoảng cách an toàn với xe đang chạy liên trước tối thiểu là bao nhiêu?",
139,3,"Khi tham gia giao thông trên đoạn đường không có biển báo “Cự ly tối thiểu giữa hai xe”, với điều kiện mặt đường khô ráo, xe cơ giới đang chạy với tốc độ từ trên 100 km/h đến 120 km/h, người lái xe phải giữ khoảng cách an toàn với xe đang chạy liên trước tối thiểu là bao nhiêu?",
140,3,"Khi điều khiển xe chạy với tốc độ dưới 60 km/h, để đảm bảo khoảng cách an toàn giữa hai xe, người lái xe phải điều khiển xe như thế nào?",
141,3,"Người lái xe phải giảm tốc độ thấp hơn tốc độ tối đa cho phép đến mức cần thiết, chú ý quan sát và chuẩn bị sẵn sàng những tình huống có thế xảy ra để phòng ngừa tai nạn trong các trường hợp nào dưới đây?",
142,3,"Người lái xe phải giảm tốc độ, đi sát về bên phải của phần đường xe chạy trong các trường hợp nào dưới đây?",
143,0, Tại các điểm giao cắt giữa đường bộ và đường sắt quyền ưu tiên thuộc về loại phương tiện nào dưới đây?,
144,3,Các phương tiện tham gia giao thông đường bộ (kể cả những xe có quyền ưu tiên) đều phải dừng lại bên phải đường của mình và trước vạch “dừng xe” tại các điểm giao cắt giữa đường bộ và đường sắt khi có báo hiệu dừng nào dưới đây?,
145,0," Trên đoạn đường bộ giao nhau đồng mức với đường sắt, người không có nhiệm vụ có được tự ý mở chặn đường ngang khi chặn đã đóng hay không?",
146,3,Tác dụng của mũ bảo hiểm đối với người ngồi trên xe mô tô hai bánh trong trường hợp xảy ra tai nạn giao thông là gì?,
147,0," Khi điều khiển phương tiện tham gia giao thông, những hành vi nào dưới đây bị nghiêm cấm?",
148,3,"Người lái xe phải nhanh chóng giảm tốc độ, tránh hoặc dừng lại sát lề đường bên phải để nhường đường cho các xe nào nêu dưới đây?",
149,3,"Tại nơi đường giao nhau, người lái xe đang đi trên đường không ưu tiên phải xử lý như thế nào là đúng quy tắc giao thông?",
150,0," Khi xe ô tô, mô tô đến gần vị trí giao nhau giữa đường bộ và đường sắt không có rào chắn, khi đèn tín hiệu màu đỏ đã bật sáng hoặc khi có tiếng chuông báo hiệu, người lái xe xử lý như thế nào?",
151,3,"Khi điều khiển xe trên đường vòng, khuất tâm nhìn người lái xe cân phải làm gì để đảm bảo an toàn?",
152,0, Người lái xe phải xử lý như thế nào khi quan sát phía trước thấy người đi bộ đang sang đường tại nơi có vạch đường dành cho người đi bộ để đảm bảo an toàn?,
153,0," Khi muốn lùi xe nhưng không quan sát được phía sau, cần làm gì để đảm bảo an toàn?",
154,3,Người điều khiển phương tiện tham gia giao thông đường bộ phải giảm tốc độ để có thể dừng lại một cách an toàn trong các trường hợp nào dưới đây?,
155,3,"Tại những đoạn đường không bố trí biển báo hạn chế tốc độ, không bố trí biển báo khoảng cách an toàn tối thiểu giữa hai xe, người điều khiển phương tiện tham gia giao thông phải thực hiện quy định nào dưới đây để đảm bảo an toàn giao thông?",
156,3,"Khi tham gia giao thông trên đường cao tốc, người lái xe, người điều khiển xe máy chuyên dùng phải thực hiện như thế nào là đúng quy tắc giao thông?",
157,3,"Theo Luật Giao thông đường bộ, tín hiệu đèn giao thông gồm 3 màu nào dưới đây?",
158,3,"Tại nơi đường giao nhau, khi đèn điều khiển giao thông có tín hiệu màu vàng, người điều khiển giao thông phải chấp hành như thế nào là đúng quy tắc giao thông?",
159,3,"Để báo hiệu cho xe phía trước biết xe mô tô của bạn muôn vượt, bạn phải có tín hiệu như thế nào dưới đây?",
160,0," Khi tham gia giao thông trên đường cao tốc, người điều khiển phương tiện cơ giới có được dừng, đỗ xe trên phần đường xe chạy hay không?",
161,3,"Khi xe gặp sự cố kỹ thuật trên đường cao tốc, bạn phải xử lý theo thứ tự như thế nào dưới đây để đảm bảo an toàn giao thông?",
162,3,"Khi người lái xe ô tô dừng, đỗ sát theo lề đường, hè phố phía bên phải theo chiều đi của mình, bánh xe gần nhất không được cách xa lề đường, hè phố quá bao nhiêu mét trong các trường hợp dưới đây và không gây cản trở, nguy hiểm cho giao thông?",
163,3,"Khi dừng, đỗ xe trên đường phố hẹp, người lái xe ô tô phải dừng, đỗ xe ở vị trí cách xe ô tô đang đỗ bên kia đường khoảng cách tối thiểu là bao nhiêu mét trong các trường hợp dưới đây để đảm bảo an toàn giao thông?",
164,3,"Trên đường bộ, người lái xe ô tô có được phép dừng xe, đỗ xe song song với một xe khác đang dừng, đồ hay không?",
165,3,Người điều khiển xe mô tô phải giảm tốc độ và hết sức thận trọng khi qua những đoạn đường nào dưới đây?,
166,3,"Khi gặp xe buýt đang dừng đón, trả khách, người điều khiển xe mô tô phải xử lý như thế nào dưới đây để đảm bảo an toàn giao thông?",
167,4,"Người lái xe khách, xe buýt cần thực hiện những nhiệm vụ gì dưới đây?",
168,4,"Trong hoạt động vận tải đường bộ, các hành vi nào dưới đây bị nghiêm cấm?",
169,4,"Trong hoạt động vận tải khách, những hành vi nào dưới đây bị nghiêm cấm?",
170,4,Thời gian làm việc của người lái xe ô tô không được lái xe liên tục quá bao nhiêu giờ trong trường hợp dưới đây?,
171,4,Thời gian làm việc trong một ngày của người lái xe ô tô không được vượt quá bao nhiêu giờ trong trường hợp dưới đây?,
172,4,Người lái xe khách phải chấp hành những quy định nào dưới đây?,
173,4,Lái xe kinh doanh vận tải khách phải có trách nhiệm gì sau đây?,
174,4,Người kinh doanh vận tải hành khách có những quyền hạn nào dưới đây?,
175,4,Hành khách có các quyền gì khi đi trên xe ô tô vận tải khách theo tuyến cố định?,
176,4,Hành khách có các nghĩa vụ gì khi đi trên xe ô tô vận tải hành khách?,
177,4,Người kinh doanh vận tải hàng hóa có các quyền gì ở dưới đây?,
178,4,Người kinh doanh vận tải hàng hóa có các nghĩa vụ gì dưới đây?,
179,4,Người thuê vận tải hàng hóa có các quyền hạn gì dưới đây?,
180,4,Người thuê vận tải hàng hóa có các nghĩa vụ gì dưới đây?,
181,4,Người nhận hàng có các quyền gì dưới đây?,
182,4,Người nhận hàng có các nghĩa vụ gì dưới đây?,
183,4,"Hàng siêu trường, siêu trọng được hiểu như thế nào là đúng?",
184,4,Việc vận chuyển động vật sống phải tuân theo những quy định nào dưới đây?,
185,4,Xe vận chuyển hàng nguy hiểm phải chấp hành những quy định nào dưới đây?,
186,4,"Trong đô thị, người lái xe buýt, xe chở hàng phải thực hiện những quy định nào dưới đây?",
187,4,Việc vận chuyển hàng hóa bằng xe ô tô phải chấp hành các quy định nào dưới đây?,
188,4,"Những ký hiệu hàng hóa dưới đây, ký hiệu nào chống mưa?",http://127.0.0.1:8080/C%C3%A2u%20188.jpg
189,4,Ký hiệu chuyên dùng nào biểu hiện hàng chuyên chở phải tránh ánh nắng mặt trời?,http://127.0.0.1:8080/C%C3%A2u%20189.jpg
190,4,Hình nào dưới đây biểu hiện hàng chuyên chở dễ vỡ phải cẩn thận?,http://127.0.0.1:8080/C%C3%A2u%20190.jpg
191,4,Hình nào dưới đây đòi hỏi hàng phải xếp theo hướng thẳng đứng?,http://127.0.0.1:8080/C%C3%A2u%20191.jpg
192,4,Hình nào dưới đây biểu hiện hàng chuyên chở là chất lỏng?,http://127.0.0.1:8080/C%C3%A2u%20192.jpg
193,5,"Người hành nghề lái xe khi thực hiện tốt việc rèn luyện, nâng cao trách nhiệm, đạo đức nghề nghiệp sẽ thu được kết quả như thế nào dưới đây?",
194,5,Người lái xe vận tải hàng hóa cần thực hiện những nhiệm vụ gì ghi ở dưới đây?,
195,5,Người lái xe kinh doanh vận tải cần thực hiện những công việc gì ghi ở dưới đây đê thường xuyên rèn luyện nâng cao đạo đức nghề nghiệp?,
196,5,Người lái xe và nhân viên phục vụ trên xe ô tô vận tải hành khách phải có những trách nhiệm gì theo quy định dưới đây?,
197,5,Khái niệm về văn hóa giao thông được hiểu như thế nào là đúng?,
198,5,"Trên làn đường dành cho ô tô có vũng nước lớn, có nhiều người đi xe mô tô trên làn đường bên cạnh, người lái xe ô tô xử lý như thế nào là có văn hóa giao thông?",
199,0," Người lái xe cố tình không phân biệt làn đường, vạch phân làn, phóng nhanh, vượt ẩu, vượt đèn đỏ, đi vào đường cấm, đường một chiều được coi là hành vi nào trong các hành vi dưới đây?",
200,5,"Khi sơ cứu người bị tai nạn giao thông đường bộ, có vết thương chảy máu ngoài, màu đỏ tươi phun thành tia và phun mạnh khi mạch đập, bạn phải làm gì dưới đây?",
201,5,Người lái xe có văn hóa khi tham gia giao thông phải đáp ứng các điều kiện nào dưới đây?,
202,5,"Trong các hành vi dưới đây, người lái xe mô tô có văn hóa giao thông phải ứng xử như thế nào?",
203,5,"Trong các hành vi dưới đây, người lái xe mô tô có văn hóa giao thông phải ứng xử như thế nào?",
204,5,"Trong các hành vi dưới đây, người lái xe ô tô, mô tô có văn hóa giao thông phải ứng xử như thế nào?",
205,5,Người có văn hóa giao thông khi điều khiển xe cơ giới tham gia giao thông đường bộ phải đảm bảo các điều kiện gì dưới đây?,
206,5,"Khi xảy ra tai nạn giao thông, người lái xe và người có mặt tại hiện trường vụ tai nạn phải thực hiện các công việc gì dưới đây?",
207,5,"Khi xảy ra tai nạn giao thông, có người bị thương nghiêm trọng, người lái xe và người có mặt tại hiện trường vụ tai nạn phải thực hiện các công việc gì dưới đây?",
208,5,"Khi sơ cứu ban đầu cho người bị tai nạn giao thông đường bộ không còn hô hấp, người lái xe và người có mặt tại hiện trường vụ tai nạn phải thực hiện các công việc gì dưới đây?",
209,0, Hành vi bỏ trốn sau khi gây tai nạn để trốn tránh trách nhiệm hoặc khi có điều kiện mà cố ý không cứu giúp người bị tai nạn giao thông có bị nghiêm cấm hay không?,
210,0," Khi xảy ra tai nạn giao thông, những hành vi nào dưới đây bị nghiêm cấm?",
211,0," Khi xảy ra tai nạn giao thông, những hành vi nào dưới đây bị nghiêm cấm?",
212,5,"Trong đoạn đường hai chiều tại khu đông dân cư đang ùn tắc, người điều khiển xe mô tô hai bánh có văn hóa giao thông sẽ lựa chọn xử lý tình huống nào dưới đây?",
213,5,Trên đường đang xảy ra ùn tắc những hành vi nào sau đây là thiếu văn hóa khi tham gia giao thông?,
214,0," Khi điều khiển xe mô tô tay ga xuống đường dốc dài, độ dốc cao, người lái xe cần thực hiện các thao tác nào dưới đây để đảm bảo an toàn?",
215,6,"Khi vào số để khởi hành xe ô tô có số tự động, người lái xe phải thực hiện các thao tác nào để đảm bảo an toàn?",
216,6,"Khi nhả hệ thống phanh dừng cơ khí điều khiển bằng tay (phanh tay), người lái xe cần phải thực hiện các thao tác nào?",
217,6,"Khi khởi hành ô tô sử dụng hộp số cơ khí trên đường bằng, người lái xe cần thực hiện các thao tác nào theo trình tự dưới đây?",
218,6,"Khi quay đầu xe, người lái xe cần phải quan sát và thực hiện các thao tác nào để đảm bảo an toàn giao thông?",
219,6,"Khi tránh nhau trên đường hẹp, người lái xe cần phải chú ý những điểm nào để đảm bảo an toàn giao thông?",
220,6,"Khi điều khiển ô tô lên dốc cao, người lái xe cần thực hiện các thao tác nào?",
221,0," Khi điều khiển ô tô xuống dốc cao, người lái xe cần thực hiện các thao tác nào dưới đây để đảm bảo an toàn?",
222,6,"Khi xuống dốc, muốn dừng xe, người lái xe cần thực hiện các thao tác nào để đảm bảo an toàn?",
223,6,Khi điều khiển xe trên đường vòng người lái xe cân phải làm gì để đảm bảo an toàn?,
224,6,"Khi điều khiển xe ô tô rẽ phải ở chỗ đường giao nhau, người lái xe cần thực hiện các thao tác nào để đảm bảo an toàn?",
225,6,"Khi điều khiển xe Ô tô rẽ trái ở chỗ đường giao nhau, người lái xe cần thực hiện các thao tác nào để đảm bảo an toàn?",
226,6,"Khi điều khiển xe sử dụng hộp số cơ khí vượt qua rãnh lớn cắt ngang mặt đường, người lái xe cần thực hiện các thao tác nào để đảm bảo an toàn?",
227,0," Khi điều khiển xe qua đường sắt, người lái xe cần phải thực hiện các thao tác nào dưới đây để đảm bảo an toàn?",
228,6,"Khi điều khiển xe ô tô tự đỏ, người lái xe cần chú ý những điểm gì để đảm bảo an toàn?",
229,6,"Khi điều khiển xe tăng số, người lái xe cần chú ý những điểm gì để đảm bảo an toàn?",
230,6,"Khi điều khiển xe giảm số, người lái xe cần chú ý những điểm gì để đảm bảo an toàn?",
231,0," Để giảm tốc độ khi ô tô đi xuống đường dốc dài, người lái xe phải thực hiện các thao tác nào để đảm bảo an toàn?",
232,6,"Khi điều khiển ô tô qua đoạn đường ngập nước, người lái xe cần thực hiện các thao tác nào để đảm bảo an toàn?",
233,6,"Khi điều khiển ô tô tới gần xe chạy ngược chiều vào ban đêm, người lái xe cần thực hiện các thao tác nào để đảm bảo an toàn?",
234,6,Khi điều khiển xe ô tô trên đường trơn cần chú ý những điểm gì để đảm bảo an toàn?,
235,6,"Khi động cơ ô tô đã khởi động, bảng đồng hồ xuất hiện ký hiệu như hình vẽ dưới đây, báo hiệu tình trạng như thế nào của xe ô tô?",http://127.0.0.1:8080/C%C3%A2u%20235.jpg
236,6,"Khi động cơ ô tô đã khởi động, bảng đồng hồ xuất hiện ký hiệu như hình vẽ dưới đây, báo hiệu tình trạng như thế nào của xe ô tô?",http://127.0.0.1:8080/C%C3%A2u%20236.jpg
237,6,"Khi động cơ ô tô đã khởi động, bảng đồng hồ xuất hiện ký hiệu như hình vẽ dưới đây, báo hiệu tình trạng như thế nào của xe ô tô?",http://127.0.0.1:8080/C%C3%A2u%20237.jpg
238,6,"Khi động cơ ô tô đã khởi động, bảng đồng hồ xuất hiện ký hiệu như hình vẽ dưới đây, báo hiệu tình trạng như thế nào của xe ô tô?",http://127.0.0.1:8080/C%C3%A2u%20238.jpg
239,6,"Khi động cơ ô tô đã khởi động, bảng đồng hồ xuất hiện ký hiệu như hình vẽ dưới đây, báo hiệu tình trạng như thế nào của xe ô tô?",http://127.0.0.1:8080/C%C3%A2u%20239.jpg
240,6,"Trong các loại nhiên liệu dưới đây, loại nhiên liệu nào giảm thiểu ô nhiễm môi trường?",
241,6,Các biển pháp tiết kiệm nhiên liệu khi chạy xe?,
242,0," Khi đã đỗ xe ô tô sát lề đường bên phải, người lái xe phải thực hiện các thao tác nào dưới đây khi mở cửa xuống xe để đảm bảo an toàn?",
243,6,"Khi lái xe ô tô qua đường sắt không có rào chắn, không có người điều khiển giao thông, người lái xe phải xử lý như thế nào để đảm bảo an toàn?",
244,6,"Khi lái xe ô tô qua đường sắt không có rào chắn, không có người điều khiển giao thông, người lái xe thực hiện thao tác: tạm dừng, xe tại vị trí cách đường sắt tối thiểu 5 mét, hạ kính cửa, tắt các thiết bị âm thanh trên xe, quan sát và nêu không có tàu chạy qua thì về số thấp, tăng ga nhẹ để tránh động cơ chết máy cho xe vượt qua để đảm bảo an toàn là đúng hay không?",
245,0," Khi điều khiển ô tô có hộp số tự động đi vào đường trơn trượt, lầy lội, người lái xe phải xử lí như thế nào để đảm bảo an toàn trong các trường hợp dưới đây?",
246,6,"Khi động cơ ô tô đã khởi động, muốn điều chỉnh ghế của người lái, người lái xe phải đề cần số ở vị trí nào?",
247,6,"Khi điều khiển ô tô có hộp số tự động, người lái xe sử dụng chân như thế nào là đúng để bảo đảm an toàn?",
248,0," Khi tầm nhìn bị hạn chế bởi sương mù hoặc mưa to, người lái xe phải thực hiện các thao tác nào?",
249,6,"Khi đèn pha của xe đi ngược chiều gây chói mắt, làm giảm khả năng quan sát trên đường, người lái xe xử lý như thế nào để đảm bảo an toàn?",
250,6,"Để đạt được hiệu quả phanh cao nhất, người lái xe mô tô phải sử dụng các kỹ năng như thế nào dưới đây?",
251,6,"Khi lái xe ô tô trên mặt đường có nhiều “ổ gà”, người lái xe phải thực hiện thao tác như thế nào để đảm bảo an toàn?",
252,6,"Khi điều khiển ô tô gặp mưa to hoặc sương mù, người lái xe phải làm gì để đảm bảo an toàn?",
253,6,"Điều khiển xe ô tô trong trời mưa, người lái xe phải xử lý như thế nào để đảm bảo an toàn?",
254,6,"Khi lùi xe, người lái xe phải xử lý như thế nào để bảo đảm an toàn giao thông?",
255,6,Điều khiển xe ô tô trong khu vực đông dân cư cần lưu ý điều gì dưới đây?,
256,6,Khi điều khiển xe ô tô nhập vào đường cao tốc người lái xe cần thực hiện như thế nào dưới đây để bảo đảm an toàn giao thông?,
257,6,Khi điều khiển xe ô tô ra khỏi đường cao tốc người lái xe cần thực hiện như thế nào dưới đây để bảo đảm an toàn giao thông?,
258,0," Người lái xe được dừng xe, đỗ xe trên làn dừng khẩn cấp của đường cao tốc trong trường hợp nào dưới đây?",
259,6,"Trong trường hợp bất khả kháng, khi dừng xe, đỗ xe trên làn dừng khẩn cấp của đường cao tốc người lái xe phải xử lý như thế nào dưới đây là đúng quy tắc giao thông?",
260,0," Khi điều khiển ô tô xuống đường dốc dài, độ dốc cao, người lái xe số tự động cần thực hiện các thao tác nào dưới đây để đảm bảo an toàn?",
261,0," Khi đi từ đường nhánh ra đường chính, người lái xe phải xử lý như nào là đúng quy tắc giao thông?",
262,0," Khi đang lái xe mô tô và ô tô, nếu có nhu cầu sử dụng điện thoại để nhắn tin hoặc gọi điện, người lái xe phải thực hiện như thế nào trong các tình huống nêu dưới đây?",
263,6,Những thói quen nào dưới đây khi điều khiển xe mô tô tay ga tham gia giao thông dễ gây tai nạn nguy hiểm?,
264,6,Người ngồi trên xe ô tô cần thực hiện những thao tác mở cửa như thế nào dưới đây để xuống xe một cách an toàn?,
265,6,Khi điều khiển xe mô tô quay đầu người lái xe cần thực hiện như thế nào để đảm bảo an toàn?,
266,6,Tay ga trên xe mô tô hai bánh có tác dụng gì trong các trường hợp dưới đây?,
267,6,"Gương chiếu hậu của xe mô tô hai bánh, có tác dụng gì trong các trường hợp dưới đây?",
268,6,"Để đảm bảo an toàn khi tham gia giao thông, người lái xe lái xe mô tô hai bánh cần điều khiển tay ga như thế nào trong các trường hợp dưới đây?",
269,6,Kỹ thuật cơ bản để giữ thăng bằng khi điều khiển xe mô tô đi trên đường gồ ghề như thế nào trong các trường hợp dưới đây?,
270,7,"Chủ phương tiện cơ giới đường bộ có được tự ý thay đổi màu sơn, nhãn hiệu hoặc các đặc tính kỹ thuật của phương tiện so với chứng nhận đăng ký xe hay không?",
271,7,"Xe ô tô tham gia giao thông đường bộ phải bảo đảm các quy định về chất lượng, an toàn kỹ thuật và bảo vệ môi trường nào ghi dưới đây?",
272,7,Xe mô tô và xe ô tô tham gia giao thông trên đường bộ phải bắt buộc có đủ bộ phận giảm thanh không?,
273,7,Xe ô tô tham gia giao thông trên đường bộ phải có đủ các loại đèn gì dưới đây?,
274,7,Kính chắn gió của xe ô tô phải đảm bảo yêu cầu nào dưới đây?,
275,7,Bánh xe lắp cho xe ô tô phải đảm bảo an toàn kỹ thuật như thê nào dưới đây?,
276,7,"Âm lượng của còi điện lắp trên ô tô (đo ở độ cao 1,2 mét với khoảng cách 2 mét tính từ đầu xe) là bao nhiêu?",
277,7,Mục đích của bảo dưỡng thường xuyên đối với xe ô tô có tác dụng gì dưới đây?,
278,7,"Trong các nguyên nhân nêu dưới đây, nguyên nhân nào làm động cơ diesel không nổ?",
279,7,Gạt nước lắp trên ô tô phải đảm bảo yêu cầu an toàn kỹ thuật nào dưới đây?,
280,7,Dây đai an toàn lắp trên ô tô phải đảm bảo yêu cầu an toàn kỹ thuật dưới đây?,
281,7,Thế nào là động cơ 4 kỳ?,
282,7,Công dụng của hệ thống bôi trơn đối với động cơ ô tô?,
283,7,Niên hạn sử dụng của xe ô tô tải (tính bắt đầu từ năm sản xuất) là bao nhiêu năm?,
284,7,Niên hạn sử dụng của xe ô tô chở người trên 9 chỗ ngồi (tính bắt đầu từ năm sản xuất) là bao nhiêu năm?,
285,7,Hãy nêu công dụng của động cơ xe ô tô?,
286,7,Hãy nêu công dụng hệ thống truyền lực của xe ô tô?,
287,7,Hãy nêu công dụng ly hợp (côn) của xe ô tô?,
288,7,Hãy nêu công dụng hộp số của xe ô tô?,
289,7,Hãy nêu công dụng hệ thống lái của xe ô tô?,
290,7,Hãy nêu công dụng hệ thống phanh của xe ô tô?,
291,7,Đèn phanh trên xe mô tô có tác dụng gì dưới đây?,
292,7,"Khi động cơ ô tô đã khởi động, bảng đồng hồ xuất hiện ký hiệu như hình vẽ dưới đây, báo hiệu tình trạng như thế nào của xe ô tô?",http://127.0.0.1:8080/C%C3%A2u%20292.jpg
293,7,"Khi động cơ ô tô đã khởi động, bảng đồng hồ xuất hiện ký hiệu như hình vẽ dưới đây, báo hiệu tình trạng như thế nào của xe ô tô?",http://127.0.0.1:8080/C%C3%A2u%20293.jpg
294,7,"Khi động cơ ô tô đã khởi động, bảng đồng hồ xuất hiện ký hiệu như hình vẽ dưới đây, báo hiệu tình trạng như thế nào của xe ô tô?",http://127.0.0.1:8080/C%C3%A2u%20294.jpg
295,7,"Khi động cơ ô tô đã khởi động, bảng đồng hồ xuất hiện ký hiệu như hình vẽ dưới đây, báo hiệu tình trạng như thế nào của xe ô tô?",http://127.0.0.1:8080/C%C3%A2u%20295.jpg
296,7,Khi khởi động xe ô tô số tự động có trang bị chìa khóa thông minh có cần đạp hết hành trình bàn đạp chân phanh hay không?,http://127.0.0.1:8080/C%C3%A2u%20296.jpg
297,7,Ắc quy được trang bị trên xe ô tô có tác dụng gì dưới đây?,
298,7,Máy phát điện được trang bị trên xe ô tô có tác dụng gì dưới đây?,
299,7,Dây đai an toàn được trang bị trên xe ô tô có tác dụng gì dưới đây?,
300,7,Túi khí được trang bị trên xe ô tô có tác dụng gì dưới đây?,
301,7,"Khi động cơ ô tô đã khởi động, bảng đồng hồ xuất hiện ký hiệu như hình vẽ dưới đây không tắt trong thời gian dài, báo hiệu tình trạng như thế nào của xe ô tô?",http://127.0.0.1:8080/C%C3%A2u%20301.jpg
302,7,Trên xe ô tô có trang bị thiết bị như hình vẽ có tác dụng gì dưới đây?,http://127.0.0.1:8080/C%C3%A2u%20302.jpg
303,7,"Trên xe ô tô có trang bị thiết bị như hình vẽ, dùng để làm gì?",http://127.0.0.1:8080/C%C3%A2u%20303.jpg
304,7,"Trên xe ô tô có trang bị thiết bị như hình vẽ, dùng để làm gì?",http://127.0.0.1:8080/C%C3%A2u%20304.jpg
305,8,"Biển nào cấm các loại xe cơ giới đi vào, trừ xe gắn máy, mô tô hai bánh và các loại xe ưu tiên theo luật định?",http://127.0.0.1:8080/C%C3%A2u%20305.jpg
306,8,Biển nào cấm ô tô tải?,http://127.0.0.1:8080/C%C3%A2u%20306.jpg
307,8,Biển nào cấm máy kéo?,http://127.0.0.1:8080/C%C3%A2u%20307.jpg
308,8,Biển nào báo hiệu cấm xe mô tô ba bánh đi vào?,http://127.0.0.1:8080/C%C3%A2u%20308.jpg
309,8,Biển nào dưới đây xe gắn máy được phép đi vào?,http://127.0.0.1:8080/C%C3%A2u%20309.jpg
310,8,Biển nào báo hiệu cấm xe mô tô hai bánh đi vào?,http://127.0.0.1:8080/C%C3%A2u%20310.jpg
311,8,Khi gặp biển nào thì xe mô tô hai bánh được đi vào?,http://127.0.0.1:8080/C%C3%A2u%20311.jpg
312,8,Biển nào cho phép ô tô con được vượt?,http://127.0.0.1:8080/C%C3%A2u%20312.jpg
313,8,Biển nào không cho phép ô tô con vượt?,http://127.0.0.1:8080/C%C3%A2u%20313.jpg
314,8,Biển nào cấm ô tô tải vượt?,http://127.0.0.1:8080/C%C3%A2u%20314.jpg
315,8,Biển nào cấm xe tải vượt?,http://127.0.0.1:8080/C%C3%A2u%20315.jpg
316,8,Biển nào xe ô tô con được phép vượt?,http://127.0.0.1:8080/C%C3%A2u%20316.jpg
317,8,Biển nào cấm quay đầu xe?,http://127.0.0.1:8080/C%C3%A2u%20317.jpg
318,8,Biển nào cấm xe rẽ trái?,http://127.0.0.1:8080/C%C3%A2u%20318.jpg
319,8,Khi gặp biển nào xe được rẽ trái?,http://127.0.0.1:8080/C%C3%A2u%20319.jpg
320,8,Biển nào cấm ô tô rẽ trái?,http://127.0.0.1:8080/C%C3%A2u%20320.jpg
321,8,Biển nào cấm các phương tiện giao thông đường bộ rẽ,http://127.0.0.1:8080/C%C3%A2u%20321.jpg
322,8,Biển nào cấm các phương tiện giao thông đường bộ rẽ trái?,http://127.0.0.1:8080/C%C3%A2u%20322.jpg
323,8,Biển nào dưới đây cắm ô tô quay đầu?,http://127.0.0.1:8080/C%C3%A2u%20323.jpg
324,8,Biển nào dưới đây cắm ô tô quay đầu và rẽ phải?,http://127.0.0.1:8080/C%C3%A2u%20324.jpg
325,8,Biển nào cấm xe taxi mà không câm các phương tiện khác?,http://127.0.0.1:8080/C%C3%A2u%20325.jpg
326,8,Biển nào cho phép xe rẽ trái?,http://127.0.0.1:8080/C%C3%A2u%20326.jpg
327,8,Biển nào xe quay đầu không bị cắm?,http://127.0.0.1:8080/C%C3%A2u%20327.jpg
328,8,Biển nào xe được phép quay đầu nhưng không được rẽ trái?,http://127.0.0.1:8080/C%C3%A2u%20328.jpg
329,8,Biển nào là biển “Cấm đi ngược chiều”?,http://127.0.0.1:8080/C%C3%A2u%20329.jpg
330,8,Biển nào dưới đây các phương tiện không được phép đi vào?,http://127.0.0.1:8080/C%C3%A2u%20330.jpg
331,8,Gặp biển nào người lái xe không được đỗ xe vào ngày chẵn?,http://127.0.0.1:8080/C%C3%A2u%20331.jpg
332,8,Gặp biển nào người lái xe không được đỗ xe vào ngày lẻ?,http://127.0.0.1:8080/C%C3%A2u%20332.jpg
333,8,Khi gặp biển nào xe ưu tiên theo luật định vẫn phải dừng lại?,http://127.0.0.1:8080/C%C3%A2u%20333.jpg
334,8,"Biển nào cấm tất cả các loại xe cơ giới và thô sơ đi lại trên đường, trừ xe ưu tiên theo luật định (nếu đường vẫn cho xe chạy được)?",http://127.0.0.1:8080/C%C3%A2u%20334.jpg
335,8,Biển nào là biển “Cắm xe chở hàng nguy hiểm”?,http://127.0.0.1:8080/C%C3%A2u%20335.jpg
336,8,Gặp biển nào xe xích lô được phép đi vào?,http://127.0.0.1:8080/C%C3%A2u%20336.jpg
337,8,"Gặp biển nào xe lam, xe xích lô máy được phép đi vào?",http://127.0.0.1:8080/C%C3%A2u%20337.jpg
338,8,Biển báo này có ý nghĩa gì?,http://127.0.0.1:8080/C%C3%A2u%20338.jpg
339,8,Biển báo này có ý nghĩa như thế nào?,http://127.0.0.1:8080/C%C3%A2u%20339.jpg
340,8,Khi gặp các biển này xe ưu tiên theo luật định (có tải trọng hay chiều cao toàn bộ vượt quá chỉ số ghi trên biển) có được phép đi qua hay không?,http://127.0.0.1:8080/C%C3%A2u%20340.jpg
341,8,Biển nào hạn chế chiều cao của xe và hàng?,http://127.0.0.1:8080/C%C3%A2u%20341.jpg
342,8,Biển số 2 có ý nghĩa như thế nào?,http://127.0.0.1:8080/C%C3%A2u%20342.jpg
343,8,Biển số 3 có ý nghĩa như thế nào?,http://127.0.0.1:8080/C%C3%A2u%20343.jpg
344,8,Biển nào cấm máy kéo kéo theo rơ moóc?,http://127.0.0.1:8080/C%C3%A2u%20344.jpg
345,8,"Khi gặp biển số 1, xe ô tô tải có được đi vào không?",http://127.0.0.1:8080/C%C3%A2u%20345.jpg
346,8,Biển nào không có hiệu lực đối với ô tô tải không kéo moóc?,http://127.0.0.1:8080/C%C3%A2u%20346.jpg
347,8,Biển nào cấm máy kéo?,http://127.0.0.1:8080/C%C3%A2u%20347.jpg
348,8,"Khi gặp biển này, xe mô tô ba bánh có được phép rẽ trái hoặc rẽ phải hay không?",http://127.0.0.1:8080/C%C3%A2u%20348.jpg
349,8,"Biển này có hiệu lực đối với xe mô tô hai, ba bánh không?",http://127.0.0.1:8080/C%C3%A2u%20349.jpg
350,8,Biển này có ý nghĩa gì?,http://127.0.0.1:8080/C%C3%A2u%20350.jpg
351,8,Biển phụ đặt dưới biển cấm bóp còi có ý nghĩa gì?,http://127.0.0.1:8080/C%C3%A2u%20351.jpg
352,8,"Chiều dài đoạn đường 500m từ nơi đặt biển này, người lái xe có được phép bấm còi không?",http://127.0.0.1:8080/C%C3%A2u%20352.jpg
353,8,Biển nào xe mô tô hai bánh được đi vào?,http://127.0.0.1:8080/C%C3%A2u%20353.jpg
354,8,Biển nào xe mô tô hai bánh không được đi vào?,http://127.0.0.1:8080/C%C3%A2u%20354.jpg
355,8,Ba biển này có hiệu lực như thế nào?,http://127.0.0.1:8080/C%C3%A2u%20355.jpg
356,8,Biển nào báo hiệu chiều dài đoạn đường phải giữ cự ly tối thiểu giữa hai xe?,http://127.0.0.1:8080/C%C3%A2u%20356.jpg
357,8,Biển nào báo hiệu khoảng cách thực tế từ nơi đặt biển đến nơi cần cự ly tối thiểu giữa hai xe?,http://127.0.0.1:8080/C%C3%A2u%20357.jpg
358,8,Biển này có ý nghĩa gì?,http://127.0.0.1:8080/C%C3%A2u%20358.jpg
359,8,"Theo hướng bên phải có được phép đỗ xe, dừng xe không?",http://127.0.0.1:8080/C%C3%A2u%20359.jpg
360,8,"Gặp biển này, xe ô tô sơ mi rơ moóc có chiều dài toàn bộ kê cả xe, moóc và hàng lớn hơn trị số ghi trên biển có được phép đi vào không?",http://127.0.0.1:8080/C%C3%A2u%20360.jpg
361,8,"Xe ô tô chở hàng vượt quá phía trước và sau thùng xe, mỗi phía quá 10% chiều dài toàn bộ thân xe, tổng chiều dài xe (cả hàng) từ trước đến sau nhỏ hơn trị số ghi trên biển thì có được phép đi vào không?",http://127.0.0.1:8080/C%C3%A2u%20361.jpg
362,8,Biển này có ý nghĩa gì?,http://127.0.0.1:8080/C%C3%A2u%20362.jpg
363,8,Biển này có ý nghĩa gì?,http://127.0.0.1:8080/C%C3%A2u%20363.jpg
364,8,Biển nào là biển “Tốc độ tối đa cho phép về ban đêm”?,http://127.0.0.1:8080/C%C3%A2u%20364.jpg
365,8,"Biển báo nào báo hiệu bắt đầu đoạn đường vào phạm vi khu dân cư, các phương tiện tham gia giao thông phải tuân theo các quy định đi đường được áp dụng ở khu đông dân cư?",http://127.0.0.1:8080/C%C3%A2u%20365.jpg
366,8,Biển nào báo hiệu hạn chế tốc độ của phương tiện không vượt quá trị số ghi trên biển?,http://127.0.0.1:8080/C%C3%A2u%20366.jpg
367,8,Trong các biển báo dưới đây biển nào báo hiệu “Hết đường cao tốc”?,http://127.0.0.1:8080/C%C3%A2u%20367.jpg
368,8,Số 50 ghi trên biển báo dưới đây có ý nghĩa gì?,http://127.0.0.1:8080/C%C3%A2u%20368.jpg
369,8,Trong các biển dưới đây biển nào chỉ dẫn bắt đầu đường cao tốc?,http://127.0.0.1:8080/C%C3%A2u%20369.jpg
370,8,Biển báo dưới đây có ý nghĩa gì?,http://127.0.0.1:8080/C%C3%A2u%20370.jpg
371,8,Gặp biển nào người lái xe phải nhường đường cho người đi bộ?,http://127.0.0.1:8080/C%C3%A2u%20371.jpg
372,8,"Biển nào chỉ đường dành cho người đi bộ, các loại xe không được đi vào khi gặp biển này?",http://127.0.0.1:8080/C%C3%A2u%20372.jpg
373,8,Biển nào báo hiệu “Đường dành cho xe thô sơ”?,http://127.0.0.1:8080/C%C3%A2u%20373.jpg
374,8,Biển nào báo hiệu sắp đến chỗ giao nhau nguy hiểm?,http://127.0.0.1:8080/C%C3%A2u%20374.jpg
375,8,Biển nào báo hiệu “Giao nhau với đường sắt có rào chắn”?,http://127.0.0.1:8080/C%C3%A2u%20375.jpg
376,8,Biển nào báo hiệu “Giao nhau có tín hiệu đèn”?,http://127.0.0.1:8080/C%C3%A2u%20376.jpg
377,8,Biển nào báo hiệu nguy hiểm giao nhau với đường sắt?,http://127.0.0.1:8080/C%C3%A2u%20377.jpg
378,8,Biển nào báo hiệu đường sắt giao nhau với đường bộ không có rào chắn?,http://127.0.0.1:8080/C%C3%A2u%20378.jpg
379,8,Biển nào báo hiệu sắp đến chỗ giao nhau giữa đường bộ và đường sắt?,http://127.0.0.1:8080/C%C3%A2u%20379.jpg
380,8,Biển nào báo hiệu “Cửa chui”?,http://127.0.0.1:8080/C%C3%A2u%20380.jpg
381,8,Hai biển này có ý nghĩa gì?,http://127.0.0.1:8080/C%C3%A2u%20381.jpg
382,8,Biển nào báo hiệu “Nơi đường sắt giao vuông góc với đường bộ”?,http://127.0.0.1:8080/C%C3%A2u%20382.jpg
383,8,Các biển này có ý nghĩa gì?,http://127.0.0.1:8080/C%C3%A2u%20383.jpg
384,8,Biển nào báo hiệu “Hết đoạn đường ưu tiên”?,http://127.0.0.1:8080/C%C3%A2u%20384.jpg
385,8,"Biển nào báo hiệu, chỉ dẫn xe đi trên đường này được quyền ưu tiên qua nơi giao nhau?",http://127.0.0.1:8080/C%C3%A2u%20385.jpg
386,8,Biển nào báo hiệu “Giao nhau với đường không ưu tiên”?,http://127.0.0.1:8080/C%C3%A2u%20386.jpg
387,8,Biển nào báo hiệu “Giao nhau với đường ưu tiên”?,http://127.0.0.1:8080/C%C3%A2u%20387.jpg
388,8,Biển nào báo hiệu “Đường bị thu hẹp”?,http://127.0.0.1:8080/C%C3%A2u%20388.jpg
389,8,"Khi gặp biển nào, người lái xe phải giảm tốc độ, chú ý xe đi ngược chiều, xe đi ở phía đường bị hẹp phải nhường đường cho xe đi ngược chiều?",http://127.0.0.1:8080/C%C3%A2u%20389.jpg
390,8,Biển nào báo hiệu “Giao nhau với đường ưu tiên”?,http://127.0.0.1:8080/C%C3%A2u%20390.jpg
391,8,Biển nào báo hiệu “Đường giao nhau” của các tuyến đường cùng cấp?,http://127.0.0.1:8080/C%C3%A2u%20391.jpg
392,8,Biển nào báo hiệu “Giao nhau với đường không ưu tiên”?,http://127.0.0.1:8080/C%C3%A2u%20392.jpg
393,8,Biển nào báo hiệu “Đường hai chiều”?,http://127.0.0.1:8080/C%C3%A2u%20393.jpg
394,8,"Biển nào báo hiệu phải giảm tốc độ, nhường đường cho xe cơ giới đi ngược chiều qua đường hẹp?",http://127.0.0.1:8080/C%C3%A2u%20394.jpg
395,8,Biển nào chỉ dẫn “Được ưu tiên qua đường hẹp”?,http://127.0.0.1:8080/C%C3%A2u%20395.jpg
396,8,Biển nào báo hiệu “Đường đôi”?,http://127.0.0.1:8080/C%C3%A2u%20396.jpg
397,8,Biển nào báo hiệu “Đường đôi”?,http://127.0.0.1:8080/C%C3%A2u%20397.jpg
398,8,Biển nào báo hiệu “Kết thúc đường đôi”?,http://127.0.0.1:8080/C%C3%A2u%20398.jpg
399,8,Biển nào báo hiệu “Giao nhau với đường hai chiều”?,http://127.0.0.1:8080/C%C3%A2u%20399.jpg
400,8,Biển nào báo hiệu “Đường hai chiều”?,http://127.0.0.1:8080/C%C3%A2u%20400.jpg
401,8,Biển nào báo hiệu “Giao nhau với đường hai chiều”?,http://127.0.0.1:8080/C%C3%A2u%20401.jpg
402,8,Biển nào báo hiệu “Chú ý chướng ngại vật”?,http://127.0.0.1:8080/C%C3%A2u%20402.jpg
403,8,Biển nào chỉ dẫn cho người tham gia giao thông biết vị trí và khoảng cách có làn đường cứu nạn hay làn thoát xe khẩn cấp?,http://127.0.0.1:8080/C%C3%A2u%20403.jpg
404,8,Biển nào báo hiệu “Đường hầm”?,http://127.0.0.1:8080/C%C3%A2u%20404.jpg
405,8,Biển nào dưới đây là biển “Cầu hẹp”?,http://127.0.0.1:8080/C%C3%A2u%20405.jpg
406,8,Biển nào dưới đây là biển “Cầu quay - cầu cất”?,http://127.0.0.1:8080/C%C3%A2u%20406.jpg
407,8,"Biển nào dưới đây là biển “Kè, vực sâu phía trước”?",http://127.0.0.1:8080/C%C3%A2u%20407.jpg
408,8,"Biển nào sau đây là biển “Kè, vực sâu bên đường phía bên trái”?",http://127.0.0.1:8080/C%C3%A2u%20408.jpg
409,8,"Biển nào sau đây là biển “Kè, vực sâu bên đường phía bên phải”?",http://127.0.0.1:8080/C%C3%A2u%20409.jpg
410,8,Biển nào sau đây là biển “Đường trơn”?,http://127.0.0.1:8080/C%C3%A2u%20410.jpg
411,8,Biển nào sau đây là biển “Lề đường nguy hiểm”?,http://127.0.0.1:8080/C%C3%A2u%20411.jpg
412,8,Biển nào sau đây báo trước gần tới đoạn đường đang tiến hành thi công?,http://127.0.0.1:8080/C%C3%A2u%20412.jpg
413,8,Biển nào sau đây cảnh báo nguy hiểm đoạn đường thường xảy ra tai nạn?,http://127.0.0.1:8080/C%C3%A2u%20413.jpg
414,8,Biển nào dưới đây báo hiệu đoạn đường hay xảy ra ùn tắc giao thông?,http://127.0.0.1:8080/C%C3%A2u%20414.jpg
415,8,Gặp biển nào người tham gia giao thông phải đi chậm và thận trọng đề phòng khả năng xuất hiện và di chuyển bất ngờ của trẻ em trên mặt đường?,http://127.0.0.1:8080/C%C3%A2u%20415.jpg
416,8,Biển nào chỉ dẫn nơi bắt đầu đoạn đường dành cho người đi bộ?,http://127.0.0.1:8080/C%C3%A2u%20416.jpg
417,8,Biển nào dưới đây báo hiệu gần đến đoạn đường thường có trẻ em đi ngang qua?,http://127.0.0.1:8080/C%C3%A2u%20417.jpg
418,8,"Gặp biển nào dưới đây người tham gia giao thông cần phải điều chỉnh tốc độ xe chạy cho thích hợp, đề phòng gió ngang thổi mạnh gây lật xe?",http://127.0.0.1:8080/C%C3%A2u%20418.jpg
419,8,Biển nào sau đây là biển “Dốc xuống nguy hiểm”?,http://127.0.0.1:8080/C%C3%A2u%20419.jpg
420,8,Biển nào sau đây là biển “Dốc lên nguy hiểm”?,http://127.0.0.1:8080/C%C3%A2u%20420.jpg
421,8,Biển báo này có ý nghĩa gì?,http://127.0.0.1:8080/C%C3%A2u%20421.jpg
422,8,Biển báo này có ý nghĩa gì?,http://127.0.0.1:8080/C%C3%A2u%20422.jpg
423,8,Biển báo này có ý nghĩa gì?,http://127.0.0.1:8080/C%C3%A2u%20423.jpg
424,8,Biển báo này có ý nghĩa gì?,http://127.0.0.1:8080/C%C3%A2u%20424.jpg
425,8,Biển báo dưới đây có ý nghĩa gì?,http://127.0.0.1:8080/C%C3%A2u%20425.jpg
426,8,Các biển báo này có ý nghĩa gì?,http://127.0.0.1:8080/C%C3%A2u%20426.jpg
427,8,Biển báo này có ý nghĩa gì?,http://127.0.0.1:8080/C%C3%A2u%20427.jpg
428,8,Gặp biển báo này người lái xe phải xử lý thế nào?,http://127.0.0.1:8080/C%C3%A2u%20428.jpg
429,8,Biển báo này có ý nghĩa gì?,http://127.0.0.1:8080/C%C3%A2u%20429.jpg
430,8,Biển nào báo hiệu các phương tiện phải đi đúng làn đường quy định và tuân thủ tốc độ tối đa cho phép?,http://127.0.0.1:8080/C%C3%A2u%20430.jpg
431,8,Biển nào báo hiệu các phương tiện phải tuân thủ tốc độ tối đa cho phép trên từng làn đường?,http://127.0.0.1:8080/C%C3%A2u%20431.jpg
432,8,Biển nào báo hiệu “Đường dành cho xe ô tô”?,http://127.0.0.1:8080/C%C3%A2u%20432.jpg
433,8,Biển nào báo hiệu “Hết đoạn đường dành cho xe ô tô”?,http://127.0.0.1:8080/C%C3%A2u%20433.jpg
434,8,"Khi gặp biển nào thì các phương tiện không được đi vào, trừ ô tô và mô tô?",http://127.0.0.1:8080/C%C3%A2u%20434.jpg
435,8,Biển này có ý nghĩa gì?,http://127.0.0.1:8080/C%C3%A2u%20435.jpg
436,8,"Biển nào (đặt trước ngã ba, ngã tư) cho phép xe được rẽ sang hướng khác?",http://127.0.0.1:8080/C%C3%A2u%20436.jpg
437,8,Biển nào báo hiệu “Hướng đi thẳng phải theo” ?,http://127.0.0.1:8080/C%C3%A2u%20437.jpg
438,8,Biển nào báo hiệu “Đường một chiều”?,http://127.0.0.1:8080/C%C3%A2u%20438.jpg
439,8,Trong các biển dưới đây biển nào là biển “Hết tốc độ tối đa cho phép”?,http://127.0.0.1:8080/C%C3%A2u%20439.jpg
440,8,Hiệu lực của biển “Tốc độ tối đa cho phép” hết tác dụng khi gặp biển nào dưới đây?,http://127.0.0.1:8080/C%C3%A2u%20440.jpg
441,8,Trong các biển dưới đây biển nào là biển “Hết tốc độ tối thiểu” ?,http://127.0.0.1:8080/C%C3%A2u%20441.jpg
442,8,Biển nào dưới đây báo hiệu hết cấm vượt?,http://127.0.0.1:8080/C%C3%A2u%20442.jpg
443,8,Trong các biển dưới đây biển nào là biển “Hết mọi lệnh cấm”?,http://127.0.0.1:8080/C%C3%A2u%20443.jpg
444,8,"Biển nào cho phép được quay đầu xe đi theo hướng ngược lại khi đặt biển trước ngã ba, ngã tư?",http://127.0.0.1:8080/C%C3%A2u%20444.jpg
445,8,Biển nào không cho phép rẽ phải?,http://127.0.0.1:8080/C%C3%A2u%20445.jpg
446,8,"Khi đến chỗ giao nhau, gặp biển nào thì người lái xe không được cho xe đi thẳng, phải rẽ sang hướng khác?",http://127.0.0.1:8080/C%C3%A2u%20446.jpg
447,8,Biển nào cho phép quay đầu xe?,http://127.0.0.1:8080/C%C3%A2u%20447.jpg
448,8,Biển nào chỉ dẫn tên đường trên các tuyến đường đối ngoại?,http://127.0.0.1:8080/C%C3%A2u%20448.jpg
449,8,Biển số 1 có ý nghĩa gì?,http://127.0.0.1:8080/C%C3%A2u%20449.jpg
450,8,Biển số 3 có ý nghĩa gì?,http://127.0.0.1:8080/C%C3%A2u%20450.jpg
451,8,Biển nào báo hiệu “Đường phía trước có làn đường dành cho ô tô khách”?,http://127.0.0.1:8080/C%C3%A2u%20451.jpg
452,8,Biển nào báo hiệu “Rẽ ra đường có làn đường dành cho ô tô khách”?,http://127.0.0.1:8080/C%C3%A2u%20452.jpg
453,8,Biển nào đặt trên đường chính trước khi đến nơi đường giao nhau để rẽ vào đường cụt?,http://127.0.0.1:8080/C%C3%A2u%20453.jpg
454,8,Biển nào chỉ dẫn cho người đi bộ sử dụng cầu vượt qua đường?,http://127.0.0.1:8080/C%C3%A2u%20454.jpg
455,8,Biển nào chỉ dẫn cho người đi bộ sử dụng hầm chui qua đường?,http://127.0.0.1:8080/C%C3%A2u%20455.jpg
456,8,"Biển nào báo hiệu “Nơi đỗ xe dành cho người khuyết tật""?",http://127.0.0.1:8080/C%C3%A2u%20456.jpg
457,8,"Gặp biển báo này, người lái xe phải đỗ xe như thế nào?",http://127.0.0.1:8080/C%C3%A2u%20457.jpg
458,8,"Gặp biển báo này, người tham gia giao thông phải xử lý như thê nào?",http://127.0.0.1:8080/C%C3%A2u%20458.jpg
459,8,"Gặp biển báo dưới đây, người lái xe có bắt buộc phải chạy vòng theo đảo an toàn theo hướng mũi tên khi muốn chuyển hướng hay không?",http://127.0.0.1:8080/C%C3%A2u%20459.jpg
460,8,"Biển nào dưới đây chỉ dẫn địa giới hành chính giữa các thành phố, tỉnh, huyện?",http://127.0.0.1:8080/C%C3%A2u%20460.jpg
461,8,Biển nào báo hiệu “Cầu vượt liên thông”?,http://127.0.0.1:8080/C%C3%A2u%20461.jpg
462,8,Biển số 1 có ý nghĩa gì?,http://127.0.0.1:8080/C%C3%A2u%20462.jpg
463,8,Biển nào báo hiệu “Tuyến đường cầu vượt cắt qua”?,http://127.0.0.1:8080/C%C3%A2u%20463.jpg
464,8,Biển báo dưới đây có ý nghĩa gì?,http://127.0.0.1:8080/C%C3%A2u%20464.jpg
465,8,"Tại đoạn đường có biển “Làn đường dành riêng cho từng loại xe” dưới đây, các phương tiện có được phép chuyển sang làn khác để đi theo hành trình mong muốn khi đến gần nơi đường bộ giao nhau hay không?",http://127.0.0.1:8080/C%C3%A2u%20465.jpg
466,8,"Tại đoạn đường có cắm biển dưới đây, xe tải và xe khách có được phép đi vào không?",http://127.0.0.1:8080/C%C3%A2u%20466.jpg
467,8,"Tại đoạn đường có cắm biển dưới đây, xe tải và xe khách có được phép đi vào không?",http://127.0.0.1:8080/C%C3%A2u%20467.jpg
468,8,Biển nào báo hiệu kết thúc đường cao tốc?,http://127.0.0.1:8080/C%C3%A2u%20468.jpg
469,8,Biển này có ý nghĩa gì?,http://127.0.0.1:8080/C%C3%A2u%20469.jpg
470,8,Biển này có ý nghĩa gì?,http://127.0.0.1:8080/C%C3%A2u%20470.jpg
471,8,Ý nghĩa các biểu tượng ghi trên biển chỉ dẫn là gì?,http://127.0.0.1:8080/C%C3%A2u%20471.jpg
472,8,Biển này có ý nghĩa gì?,http://127.0.0.1:8080/C%C3%A2u%20472.jpg
473,8,"Trên đường cao tốc, gặp biển nào thì người lái xe đi theo hướng bên trái để tránh chướng ngại vật?",http://127.0.0.1:8080/C%C3%A2u%20473.jpg
474,8,"Trên đường cao tốc, gặp biển nào thì người lái xe đi theo hướng bên phải đê tránh chướng ngại vật?",http://127.0.0.1:8080/C%C3%A2u%20474.jpg
475,8,"Trên đường cao tốc, gặp biển nào thì người lái xe đi được cả hai hướng (bên trái hoặc bên phải) đê tránh chướng ngại vật?",http://127.0.0.1:8080/C%C3%A2u%20475.jpg
476,8,"Trên đường cao tốc, gặp biển nào người lái xe phải chú ý đổi hướng đi khi sắp vào đường cong nguy hiểm?",http://127.0.0.1:8080/C%C3%A2u%20476.jpg
477,8,Vạch mũi tên chỉ hướng trên mặt đường nào dưới đây cho phép xe chỉ được đi thẳng và rẽ phải?,http://127.0.0.1:8080/C%C3%A2u%20477.jpg
478,8,Vạch kẻ đường nào dưới đây là vạch phân chia các làn xe cùng chiều?,http://127.0.0.1:8080/C%C3%A2u%20478.jpg
479,8,"Vạch kẻ đường nào dưới đây là vạch phân chia hai chiều xe chạy (vạch tim đường), xe không được lấn làn, không được đè lên vạch?",http://127.0.0.1:8080/C%C3%A2u%20479.jpg
480,8,Vạch kẻ đường nào dưới đây là vạch phân chia hai chiều xe chạy (vạch tim đường)?,http://127.0.0.1:8080/C%C3%A2u%20480.jpg
481,8,Các vạch dưới đây có tác dụng gì?,http://127.0.0.1:8080/C%C3%A2u%20481.jpg
482,8,Các vạch dưới đây có tác dụng gì?,http://127.0.0.1:8080/C%C3%A2u%20482.jpg
483,8,Khi gặp vạch kẻ đường nào các xe được phép đè vạch?,http://127.0.0.1:8080/C%C3%A2u%20483.jpg
484,8,Vạch dưới đây có tác dụng gì?,http://127.0.0.1:8080/C%C3%A2u%20484.jpg
485,8,Vạch dưới đây có ý nghĩa gì?,http://127.0.0.1:8080/C%C3%A2u%20485.jpg
486,8,Vạch dưới đây có ý nghĩa gì?,http://127.0.0.1:8080/C%C3%A2u%20486.jpg
487,9,Thứ tự các xe đi như thế nào là đúng quy tắc giao thông?,http://127.0.0.1:8080/C%C3%A2u%20487.jpg
488,9,Thứ tự các xe đi như thế nào là đúng quy tắc giao thông?,http://127.0.0.1:8080/C%C3%A2u%20488.jpg
489,9,"Theo hướng mũi tên, thứ tự các xe đi như thế nào là đúng quy tắc giao thông?",http://127.0.0.1:8080/C%C3%A2u%20489.jpg
490,9,Thứ tự các xe đi như thế nào là đúng quy tắc giao thông?,http://127.0.0.1:8080/C%C3%A2u%20490.jpg
491,9,Xe nào phải nhường đường trong trường hợp này?,http://127.0.0.1:8080/C%C3%A2u%20491.jpg
492,9,Trường hợp này xe nào được quyền đi trước?,http://127.0.0.1:8080/C%C3%A2u%20492.jpg
493,9,Thứ tự các xe đi như thế nào là đúng quy tắc giao thông?,http://127.0.0.1:8080/C%C3%A2u%20493.jpg
494,9,Thứ tự các xe đi như thế nào là đúng quy tắc giao thông?,http://127.0.0.1:8080/C%C3%A2u%20494.jpg
495,9,Xe nào được quyền đi trước trong trường hợp này?,http://127.0.0.1:8080/C%C3%A2u%20495.jpg
496,9,Xe nào phải nhường đường đi cuối cùng qua nơi giao nhau này?,http://127.0.0.1:8080/C%C3%A2u%20496.jpg
497,9,Xe nào phải nhường đường là đúng quy tắc giao thông?,http://127.0.0.1:8080/C%C3%A2u%20497.jpg
498,9,Xe nào được quyền đi trước trong trường hợp này?,http://127.0.0.1:8080/C%C3%A2u%20498.jpg
499,9,"Theo tín hiệu đèn, xe nào được phép đi?",http://127.0.0.1:8080/C%C3%A2u%20499.jpg
500,9,"Theo tín hiệu đèn, xe nào được quyền đi là đúng quy tắc giao thông?",http://127.0.0.1:8080/C%C3%A2u%20500.jpg
501,9,Trong trường hợp này xe nào được quyền đi trước?,http://127.0.0.1:8080/C%C3%A2u%20501.jpg
502,9,"Theo tín hiệu đèn, xe tải đi theo hướng nào là đúng quy tắc giao thông?",http://127.0.0.1:8080/C%C3%A2u%20502.jpg
503,9,"Các xe đi theo hướng mũi tên, xe nào vi phạm quy tắc giao thông?",http://127.0.0.1:8080/C%C3%A2u%20503.jpg
504,9,Thứ tự các xe đi như thế nào là đúng quy tắc giao thông?,http://127.0.0.1:8080/C%C3%A2u%20504.jpg
505,9,Trong trường hợp này xe nào đỗ vi phạm quy tắc giao thông?,http://127.0.0.1:8080/C%C3%A2u%20505.jpg
506,9,Xe nào được quyền đi trước?,http://127.0.0.1:8080/C%C3%A2u%20506.jpg
507,9,"Theo hướng mũi tên, những hướng nào xe gắn máy đi được?",http://127.0.0.1:8080/C%C3%A2u%20507.jpg
508,9,Xe nào đỗ vi phạm quy tắc giao thông?,http://127.0.0.1:8080/C%C3%A2u%20508.jpg
509,9,Xe nào đỗ vi phạm quy tắc giao thông?,http://127.0.0.1:8080/C%C3%A2u%20509.jpg
510,9,Xe tải kéo mô tô ba bánh như hình này có đúng quy tắc giao thông không?,http://127.0.0.1:8080/C%C3%A2u%20510.jpg
511,9,"Theo hướng mũi tên, hướng nào xe không được phép đi?",http://127.0.0.1:8080/C%C3%A2u%20511.jpg
512,9,"Theo hướng mũi tên, những hướng nào ô tô không được phép đi?",http://127.0.0.1:8080/C%C3%A2u%20512.jpg
513,9,Xe nào vượt đúng quy tắc giao thông?,http://127.0.0.1:8080/C%C3%A2u%20513.jpg
514,9,"Theo hướng mũi tên, gặp biển hướng đi phải theo đặt trước ngã tư, những hướng nào xe được phép đi?",http://127.0.0.1:8080/C%C3%A2u%20514.jpg
515,9,Xe kéo nhau như hình này có vi phạm quy tắc giao thông không?,http://127.0.0.1:8080/C%C3%A2u%20515.jpg
516,9,Xe nào phải nhường đường trong trường hợp này?,http://127.0.0.1:8080/C%C3%A2u%20516.jpg
517,9,Xe nào được quyền đi trước trong trường hợp này?,http://127.0.0.1:8080/C%C3%A2u%20517.jpg
518,9,Xe kéo nhau trong trường hợp này đúng quy định không?,http://127.0.0.1:8080/C%C3%A2u%20518.jpg
519,9,"Theo hướng mũi tên, những hướng nào ô tô con được phép đi?",http://127.0.0.1:8080/C%C3%A2u%20519.jpg
520,9,Thứ tự các xe đi như thế nào là đúng quy tắc giao thông?,http://127.0.0.1:8080/C%C3%A2u%20520.jpg
521,9,"Theo hướng mũi tên, những hướng nào xe tải được phép đi?",http://127.0.0.1:8080/C%C3%A2u%20521.jpg
522,9,Những hướng nào xe tải được phép đi?,http://127.0.0.1:8080/C%C3%A2u%20522.jpg
523,9,Những hướng nào ô tô tải được phép đi?,http://127.0.0.1:8080/C%C3%A2u%20523.jpg
524,9,Những hướng nào ô tô tải được phép đi?,http://127.0.0.1:8080/C%C3%A2u%20524.jpg
525,9,Xe nào được quyền đi trước trong trường hợp này?,http://127.0.0.1:8080/C%C3%A2u%20525.jpg
526,9,Ô tô con đi theo chiều mũi tên có vi phạm quy tắc giao thông không?,http://127.0.0.1:8080/C%C3%A2u%20526.jpg
527,9,Xe nào vi phạm quy tắc giao thông?,http://127.0.0.1:8080/C%C3%A2u%20527.jpg
528,9,Các xe đi như thế nào là đúng quy tắc giao thông?,http://127.0.0.1:8080/C%C3%A2u%20528.jpg
529,9,"Theo hướng mũi tên, xe nào được phép đi?",http://127.0.0.1:8080/C%C3%A2u%20529.jpg
530,9,Xe con vượt xe tải như trường hợp này có đúng không?,http://127.0.0.1:8080/C%C3%A2u%20530.jpg
531,9,Xe nào vượt đúng quy tắc giao thông?,http://127.0.0.1:8080/C%C3%A2u%20531.jpg
532,9,"Đi theo hướng mũi tên, xe nào vi phạm quy tắc giao thông?",http://127.0.0.1:8080/C%C3%A2u%20532.jpg
533,9,Thứ tự các xe đi như thế nào là đúng quy tắc giao thông?,http://127.0.0.1:8080/C%C3%A2u%20533.jpg
534,9,Thứ tự các xe đi như thế nào là đúng quy tắc giao thông?,http://127.0.0.1:8080/C%C3%A2u%20534.jpg
535,9,Những hướng nào ô tô tải được phép đi?,http://127.0.0.1:8080/C%C3%A2u%20535.jpg
536,9,"Theo hướng mũi tên, thứ tự các xe đi như thế nào là đúng?",http://127.0.0.1:8080/C%C3%A2u%20536.jpg
537,9,Những hướng nào ô tô tải được phép đi?,http://127.0.0.1:8080/C%C3%A2u%20537.jpg
538,9,"Trong hình dưới đây, xe nào chấp hành đúng quy tắc giao thông?",http://127.0.0.1:8080/C%C3%A2u%20538.jpg
539,9,"Theo hướng mũi tên, những hướng nào xe mô tô được phép đi?",http://127.0.0.1:8080/C%C3%A2u%20539.jpg
540,9,"Trong trường hợp này, thứ tự xe đi như thế nào là đúng quy tắc giao thông?",http://127.0.0.1:8080/C%C3%A2u%20540.jpg
541,9,Xe nào phải nhường đường là đúng quy tắc giao thông?,http://127.0.0.1:8080/C%C3%A2u%20541.jpg
542,9,Xe con quay đầu đi ngược lại như hình vẽ dưới có vi phạm quy tặc giao thông không?,http://127.0.0.1:8080/C%C3%A2u%20542.jpg
543,9,"Trong hình dưới, những xe nào vi phạm quy tắc giao thông?",http://127.0.0.1:8080/C%C3%A2u%20543.jpg
544,9,"Đề điều khiển cho xe đi thẳng, người lái xe phải làm gì là đúng quy tắc giao thông?",http://127.0.0.1:8080/C%C3%A2u%20544.jpg
545,9,Người lái xe điều khiển xe chạy theo hướng nào là đúng quy tắc giao thông?,http://127.0.0.1:8080/C%C3%A2u%20545.jpg
546,9,Xe nào phải nhường đường là đúng quy tắc giao thông?,http://127.0.0.1:8080/C%C3%A2u%20546.jpg
547,9,Người lái xe điều khiển xe rẽ trái như thế nào là đúng quy tắc giao thông?,http://127.0.0.1:8080/C%C3%A2u%20547.jpg
548,9,"Trong hình dưới, những xe nào vi phạm quy tắc giao thông?",http://127.0.0.1:8080/C%C3%A2u%20548.jpg
549,9,Xe nào đi trước là đúng quy tắc giao thông?,http://127.0.0.1:8080/C%C3%A2u%20549.jpg
550,9,Người lái xe có thể quay đầu xe như thế nào là đúng quy tắc giao thông?,http://127.0.0.1:8080/C%C3%A2u%20550.jpg
551,9,Thứ tự các xe đi như thế nào là đúng quy tắc giao thông?,http://127.0.0.1:8080/C%C3%A2u%20551.jpg
552,9,"Khi muốn vượt xe tải, người lái xe phải làm gì là đúng quy tắc giao thông?",http://127.0.0.1:8080/C%C3%A2u%20552.jpg
553,9,"Theo tín hiệu đèn, xe nào phải dừng lại là đúng quy tắc giao thông?",http://127.0.0.1:8080/C%C3%A2u%20553.jpg
554,9,Xe nào phải nhường đường là đúng quy tắc giao thông?,http://127.0.0.1:8080/C%C3%A2u%20554.jpg
555,9,Người lái xe có được vượt xe tải để đi thẳng trong trường hợp này không?,http://127.0.0.1:8080/C%C3%A2u%20555.jpg
556,9,Bạn có được phép vượt xe mô tô phía trước không?,http://127.0.0.1:8080/C%C3%A2u%20556.jpg
557,9,Người lái xe dừng tại vị trí nào là đúng quy tắc giao thông?,http://127.0.0.1:8080/C%C3%A2u%20557.jpg
558,9,Bạn được dừng xe ở vị trí nào trong tình huống này?,http://127.0.0.1:8080/C%C3%A2u%20558.jpg
559,9,"Theo tín hiệu đèn của xe cơ giới, xe nào vi phạm quy tắc giao thông?",http://127.0.0.1:8080/C%C3%A2u%20559.jpg
560,9,"Các xe đi theo hướng mũi tên, xe nào vi phạm quy tắc giao thông?",http://127.0.0.1:8080/C%C3%A2u%20560.jpg
561,9,"Các xe đi theo hướng mũi tên, xe nào vi phạm quy tắc giao thông?",http://127.0.0.1:8080/C%C3%A2u%20561.jpg
562,9,"Các xe đi theo hướng mũi tên, xe nào vi phạm quy tắc giao thông?",http://127.0.0.1:8080/C%C3%A2u%20562.jpg
563,9,"Các xe đi theo hướng mũi tên, xe nào vi phạm quy tắc giao thông?",http://127.0.0.1:8080/C%C3%A2u%20563.jpg
564,9,"Trong tình huống dưới đây, để tránh xe phía trước bị hỏng đột xuất trên đường, người lái xe phải làm gì?",http://127.0.0.1:8080/C%C3%A2u%20564.jpg
565,9,"Các xe đi theo hướng mũi tên, xe nào chấp hành đúng quy tắc giao thông?",http://127.0.0.1:8080/C%C3%A2u%20565.jpg
566,9,"Trong hình dưới, những xe nào vi phạm quy tắc giao thông?",http://127.0.0.1:8080/C%C3%A2u%20566.jpg
567,9,Các xe đi theo thứ tự nào là đúng quy tắc giao thông đường bộ?,http://127.0.0.1:8080/C%C3%A2u%20567.jpg
568,9,Các xe đi theo thứ tự nào là đúng quy tắc giao thông đường bộ?,http://127.0.0.1:8080/C%C3%A2u%20568.jpg
569,9,Xe nào phải dừng lại trong trường hợp này?,http://127.0.0.1:8080/C%C3%A2u%20569.jpg
570,9,Xe của bạn được đi theo hướng nào trong trường hợp này?,http://127.0.0.1:8080/C%C3%A2u%20570.jpg
571,9,Xe của bạn được đi theo hướng nào trong trường hợp này?,http://127.0.0.1:8080/C%C3%A2u%20571.jpg
572,9,Bạn xử lý như thế nào trong trường hợp này?,http://127.0.0.1:8080/C%C3%A2u%20572.jpg
573,9,Bạn xử lý như thế nào trong trường hợp này?,http://127.0.0.1:8080/C%C3%A2u%20573.jpg
574,9,Bạn xử lý như thế nào trong trường hợp này?,http://127.0.0.1:8080/C%C3%A2u%20574.jpg
575,9,Xe nào phải nhường đường trong trường hợp này?,http://127.0.0.1:8080/C%C3%A2u%20575.jpg
576,9,Xe nào phải nhường đường trong trường hợp này?,http://127.0.0.1:8080/C%C3%A2u%20576.jpg
577,9,Bạn xử lý như thế nào khi lái xe ô tô vượt qua đoàn người đi xe đạp có tổ chức?,http://127.0.0.1:8080/C%C3%A2u%20577.jpg
578,9,"Phía trước có một xe đang lùi vào nơi đỗ, xe con phía trước đang chuyển sang làn đường bên trái, bạn xử lý như thế nào trong trường hợp này?",http://127.0.0.1:8080/C%C3%A2u%20578.jpg
579,9,Bạn xử lý như thế nào khi xe phía trước đang lùi ra khỏi nơi đô?,http://127.0.0.1:8080/C%C3%A2u%20579.jpg
580,9,"Phía trước có một xe màu xanh đang vượt xe màu vàng trên làn đường của bạn, bạn xử lý như thế nào trong trường hợp này?",http://127.0.0.1:8080/C%C3%A2u%20580.jpg
581,9,"Xe tải phía trước có tín hiệu xin chuyển làn đường, bạn xử lý như thế nào trong trường hợp này?",http://127.0.0.1:8080/C%C3%A2u%20581.jpg
582,9,Bạn xử lý như thế nào trong trường hợp này?,http://127.0.0.1:8080/C%C3%A2u%20582.jpg
583,9,Các xe đi theo thứ tự nào là đúng quy tắc giao thông đường bộ?,http://127.0.0.1:8080/C%C3%A2u%20583.jpg
584,9,Các xe đi theo thứ tự nào là đúng quy tắc giao thông đường bộ?,http://127.0.0.1:8080/C%C3%A2u%20584.jpg
585,9,Xe nào phải nhường đường trong trường hợp này?,http://127.0.0.1:8080/C%C3%A2u%20585.jpg
586,9,Xe nào phải nhường đường trong trường hợp này?,http://127.0.0.1:8080/C%C3%A2u%20586.jpg
587,9,Bạn xử lý như thế nào trong trường hợp này?,http://127.0.0.1:8080/C%C3%A2u%20587.jpg
588,9,Xe nào được đi trước trong trường hợp này?,http://127.0.0.1:8080/C%C3%A2u%20588.jpg
589,9,Các xe đi theo thứ tự nào là đúng quy tắc giao thông đường bộ?,http://127.0.0.1:8080/C%C3%A2u%20589.jpg
590,9,Bạn xử lý như thế nào trong trường hợp này?,http://127.0.0.1:8080/C%C3%A2u%20590.jpg
591,9,Xe nào được đi trước trong trường hợp này?,http://127.0.0.1:8080/C%C3%A2u%20591.jpg
592,9,Xe nào dừng đúng theo quy tắc giao thông?,http://127.0.0.1:8080/C%C3%A2u%20592.jpg
593,9,Các xe đi theo thứ tự nào là đúng quy tắc giao thông đường bộ?,http://127.0.0.1:8080/C%C3%A2u%20593.jpg
594,9,"Để điều khiển xe rẽ trái, bạn chọn hướng đi nào dưới đây?",http://127.0.0.1:8080/C%C3%A2u%20594.jpg
595,9,"Khi gặp xe ngược chiều bật đèn pha trong tình huống dưới đây, bạn xử lý như thế nào?",http://127.0.0.1:8080/C%C3%A2u%20595.jpg
596,9,"Xe của bạn đang di chuyển gần đến khu vực giao cắt với đường sắt, khi rào chăn đang dịch chuyển, bạn điều khiển xe như thế nào là đúng quy tắc giao thông?",http://127.0.0.1:8080/C%C3%A2u%20596.jpg
597,9,"Trong tình huống dưới đây, xe con màu đỏ nhập làn đường cao tốc theo hướng mũi tên là đúng hay sai?",http://127.0.0.1:8080/C%C3%A2u%20597.jpg
598,9,"Trong tình huống dưới đây, xe con màu đỏ có được phép vượt khi xe con màu xanh đang vượt xe tải hay không?",http://127.0.0.1:8080/C%C3%A2u%20598.jpg
599,9,"Trong tình huống dưới đây, xe con màu vàng vượt xe con màu đỏ là đúng quy tắc giao thông hay không?",http://127.0.0.1:8080/C%C3%A2u%20599.jpg
600,9,"Trong tình huống dưới đây, xe đầu kéo kéo rơ moóc (xe container) đang rẽ phải, xe con màu xanh và xe máy phía Sau xe container đi như thê nào đề đảm bảo an toàn?",http://127.0.0.1:8080/C%C3%A2u%20600.jpg
